{"cameraMode":{"drawMode":0,"name":"Shaded","section":"Shading Mode"},"sceneLighting":false,"audioPlay":false,"sceneViewState":{"showFog":true,"showMaterialUpdate":false,"showSkybox":false,"showFlares":true,"showImageEffects":true,"showParticleSystems":true},"in2DMode":false,"pivot":{"x":-0.4931125044822693,"y":0.6859999895095825,"z":0.3970000147819519},"rotation":{"x":-0.07623843848705292,"y":0.9237540364265442,"z":-0.26344045996665957,"w":-0.2673304080963135},"size":0.6527389883995056,"orthographic":false}