{"cameraMode":{"drawMode":0,"name":"Shaded","section":"Shading Mode"},"sceneLighting":false,"audioPlay":false,"sceneViewState":{"showFog":true,"showMaterialUpdate":false,"showSkybox":false,"showFlares":true,"showImageEffects":true,"showParticleSystems":true},"in2DMode":false,"pivot":{"x":-0.2694053649902344,"y":1.2182087898254395,"z":-0.0004479140043258667},"rotation":{"x":0.3002496361732483,"y":0.33234521746635439,"z":-0.11250073462724686,"w":0.8869839310646057},"size":0.9365330934524536,"orthographic":false}