{"cameraMode":{"drawMode":0,"name":"Shaded","section":"Shading Mode"},"sceneLighting":false,"audioPlay":false,"sceneViewState":{"showFog":true,"showMaterialUpdate":false,"showSkybox":false,"showFlares":true,"showImageEffects":true,"showParticleSystems":true},"in2DMode":false,"pivot":{"x":-4.425965309143066,"y":1.031496286392212,"z":-0.0008782744407653809},"rotation":{"x":-0.027308324351906778,"y":-0.7875542044639587,"z":0.03498980402946472,"w":-0.6146448850631714},"size":1.747404932975769,"orthographic":true}