{"cameraMode":{"drawMode":0,"name":"Shaded","section":"Shading Mode"},"sceneLighting":false,"audioPlay":false,"sceneViewState":{"showFog":true,"showMaterialUpdate":false,"showSkybox":false,"showFlares":true,"showImageEffects":true,"showParticleSystems":true},"in2DMode":false,"pivot":{"x":-2.5544872283935549,"y":0.47092700004577639,"z":1.6835389137268067},"rotation":{"x":0.3002496361732483,"y":0.33234521746635439,"z":-0.11250073462724686,"w":0.8869839310646057},"size":3.5981836318969728,"orthographic":false}