{"cameraMode":{"drawMode":0,"name":"Shaded","section":"Shading Mode"},"sceneLighting":false,"audioPlay":false,"sceneViewState":{"showFog":true,"showMaterialUpdate":false,"showSkybox":false,"showFlares":true,"showImageEffects":true,"showParticleSystems":true},"in2DMode":false,"pivot":{"x":-4.471536159515381,"y":0.713454008102417,"z":-1.0337713956832886},"rotation":{"x":-0.027308324351906778,"y":-0.7875542044639587,"z":0.03498980402946472,"w":-0.6146448850631714},"size":0.892689049243927,"orthographic":false}