{"cameraMode":{"drawMode":0,"name":"Shaded","section":"Shading Mode"},"sceneLighting":true,"audioPlay":false,"sceneViewState":{"showFog":true,"showMaterialUpdate":false,"showSkybox":true,"showFlares":true,"showImageEffects":true,"showParticleSystems":true},"in2DMode":false,"pivot":{"x":-3.8775148391723635,"y":1.2282508611679078,"z":0.7940346002578735},"rotation":{"x":-0.027308324351906778,"y":-0.7875542044639587,"z":0.03498980402946472,"w":-0.6146448850631714},"size":4.240230560302734,"orthographic":false}