{"cameraMode":{"drawMode":0,"name":"Shaded","section":"Shading Mode"},"sceneLighting":false,"audioPlay":false,"sceneViewState":{"showFog":true,"showMaterialUpdate":false,"showSkybox":false,"showFlares":true,"showImageEffects":true,"showParticleSystems":true},"in2DMode":false,"pivot":{"x":-4.333468437194824,"y":1.9593384265899659,"z":0.16448277235031129},"rotation":{"x":-0.027308324351906778,"y":-0.7875542044639587,"z":0.03498980402946472,"w":-0.6146448850631714},"size":1.8508901596069337,"orthographic":true}