{"cameraMode":{"drawMode":0,"name":"Shaded","section":"Shading Mode"},"sceneLighting":false,"audioPlay":false,"sceneViewState":{"showFog":true,"showMaterialUpdate":false,"showSkybox":false,"showFlares":true,"showImageEffects":true,"showParticleSystems":true},"in2DMode":false,"pivot":{"x":-3.455430746078491,"y":1.833958387374878,"z":-0.42742443084716799},"rotation":{"x":-0.15664878487586976,"y":0.8428738117218018,"z":-0.3482522964477539,"w":-0.3791376054286957},"size":0.16178995370864869,"orthographic":false}